{"cameraMode":{"drawMode":0,"name":"Shaded","section":"Shading Mode"},"sceneLighting":true,"audioPlay":false,"sceneViewState":{"m_AlwaysRefresh":false,"showFog":true,"showSkybox":true,"showFlares":true,"showImageEffects":true,"showParticleSystems":true,"showVisualEffectGraphs":true,"m_FxEnabled":true},"in2DMode":false,"pivot":{"x":0.011604937724769116,"y":0.6405564546585083,"z":-0.19162523746490479},"rotation":{"x":0.0467911958694458,"y":0.006895729806274176,"z":-0.00032256453414447606,"w":0.9988782405853272},"size":5.231236457824707,"orthographic":false}